Transaction_ID,Account_Number,Transaction_Date,Transaction_Amount,Transaction_Type,Description,Is_Anomaly
1,221958,2024-01-01,1484.31,Debit,Online Transfer,0
2,771155,2024-01-02,1322.87,Debit,Online Transfer,0
3,231932,2024-01-03,1606.08,Credit,POS Purchase,0
4,465838,2024-01-04,927.98,Debit,POS Purchase,0
5,359178,2024-01-05,1064.02,Credit,ATM Withdrawal,0
6,744167,2024-01-06,759.33,Debit,Online Transfer,0
7,210268,2024-01-07,425.97,Credit,Online Transfer,0
8,832180,2024-01-08,698.87,Credit,Online Transfer,0
9,154886,2024-01-09,903.5,Debit,POS Purchase,1
10,237337,2024-01-10,1457.3,Debit,Online Transfer,0
11,621430,2024-01-11,-87.44,Debit,ATM Withdrawal,0
12,187498,2024-01-12,2016.07,Credit,ATM Withdrawal,0
13,999159,2024-01-13,117.94,Credit,POS Purchase,0
14,275203,2024-01-14,1749.94,Credit,Bill Payment,0
15,291335,2024-01-15,545.97,Debit,POS Purchase,0
16,378167,2024-01-16,1280.52,Credit,Bill Payment,0
17,141090,2024-01-17,623.78,Credit,Online Transfer,0
18,429365,2024-01-18,1836.87,Debit,POS Purchase,0
19,164820,2024-01-19,1021.85,Credit,ATM Withdrawal,0
20,887201,2024-01-20,1536.84,Credit,Online Transfer,0
21,421879,2024-01-21,1038.02,Debit,ATM Withdrawal,0
22,818315,2024-01-22,1176.48,Credit,Online Transfer,0
23,427069,2024-01-23,1308.05,Debit,POS Purchase,0
24,876997,2024-01-24,7356.4,Debit,Bill Payment,1
25,299041,2024-01-25,359.85,Debit,Online Transfer,0
26,891743,2024-01-26,349.2,Debit,Bill Payment,0
27,203355,2024-01-27,1025.42,Debit,Online Transfer,0
28,335796,2024-01-28,755.68,Credit,ATM Withdrawal,0
29,314176,2024-01-29,-72.93,Credit,ATM Withdrawal,0
30,284779,2024-01-30,1256.47,Debit,Online Transfer,0
31,447449,2024-01-31,390.76,Debit,Bill Payment,0
32,521909,2024-02-01,419.84,Credit,POS Purchase,0
33,358795,2024-02-02,979.19,Debit,POS Purchase,0
34,586232,2024-02-03,5499.400000000001,Debit,ATM Withdrawal,1
35,600186,2024-02-04,1061.25,Debit,POS Purchase,0
36,256730,2024-02-05,1986.73,Credit,ATM Withdrawal,0
37,970910,2024-02-06,810.47,Credit,POS Purchase,0
38,484681,2024-02-07,470.21,Debit,Online Transfer,0
39,249503,2024-02-08,1090.75,Debit,ATM Withdrawal,0
40,754811,2024-02-09,612.38,Credit,ATM Withdrawal,0
41,627035,2024-02-10,1011.88,Credit,Online Transfer,0
42,748143,2024-02-11,1157.82,Debit,ATM Withdrawal,0
43,552366,2024-02-12,982.4,Debit,POS Purchase,0
44,165725,2024-02-13,1028.28,Credit,POS Purchase,0
45,229981,2024-02-14,1096.05,Credit,ATM Withdrawal,0
46,184654,2024-02-15,1798.56,Credit,POS Purchase,0
47,691723,2024-02-16,873.54,Debit,Bill Payment,0
48,419030,2024-02-17,1063.72,Credit,ATM Withdrawal,0
49,428947,2024-02-18,1433.42,Debit,Online Transfer,0
50,655839,2024-02-19,1235.52,Credit,Bill Payment,0
51,373538,2024-02-20,820.9,Credit,ATM Withdrawal,0
52,431236,2024-02-21,1450.93,Credit,Online Transfer,0
53,628178,2024-02-22,564.38,Credit,POS Purchase,0
54,665894,2024-02-23,886.63,Debit,Online Transfer,0
55,589492,2024-02-24,614.46,Debit,Bill Payment,0
56,356840,2024-02-25,1288.09,Credit,POS Purchase,0
57,573254,2024-02-26,1594.8,Debit,ATM Withdrawal,0
58,449457,2024-02-27,1111.67,Credit,POS Purchase,0
59,765987,2024-02-28,1037.63,Credit,ATM Withdrawal,0
60,370936,2024-02-29,562.5,Credit,ATM Withdrawal,0
61,339931,2024-03-01,648.72,Credit,Online Transfer,0
62,339629,2024-03-02,403.37,Debit,Online Transfer,0
63,305041,2024-03-03,-88.34,Credit,Online Transfer,0
64,798361,2024-03-04,804.48,Credit,Bill Payment,0
65,831912,2024-03-05,850.95,Debit,Bill Payment,0
66,517113,2024-03-06,2086.42,Credit,Online Transfer,0
67,168148,2024-03-07,17814.100000000002,Credit,Bill Payment,1
68,877089,2024-03-08,1277.82,Credit,POS Purchase,0
69,748531,2024-03-09,2042.24,Debit,POS Purchase,0
70,351995,2024-03-10,1695.45,Credit,Bill Payment,0
71,778843,2024-03-11,-3.78,Debit,Bill Payment,0
72,672843,2024-03-12,1533.73,Credit,POS Purchase,0
73,356508,2024-03-13,1355.73,Credit,ATM Withdrawal,0
74,903591,2024-03-14,855.31,Debit,POS Purchase,0
75,996942,2024-03-15,292.4,Credit,POS Purchase,0
76,206530,2024-03-16,1297.7,Credit,Bill Payment,0
77,704365,2024-03-17,-39.56,Debit,POS Purchase,0
78,922352,2024-03-18,989.26,Debit,Bill Payment,0
79,560337,2024-03-19,691.45,Debit,Bill Payment,0
80,824839,2024-03-20,370.58,Debit,Online Transfer,0
81,905889,2024-03-21,1594.4,Debit,POS Purchase,0
82,559773,2024-03-22,979.35,Credit,ATM Withdrawal,0
83,308261,2024-03-23,1086.98,Debit,Online Transfer,0
84,864469,2024-03-24,1453.94,Credit,Bill Payment,0
85,441097,2024-03-25,995.6,Credit,Bill Payment,0
86,415139,2024-03-26,1225.71,Credit,ATM Withdrawal,0
87,271829,2024-03-27,1407.93,Debit,Bill Payment,0
88,371836,2024-03-28,1283.38,Debit,POS Purchase,0
89,538974,2024-03-29,1142.99,Credit,Online Transfer,0
90,302283,2024-03-30,1891.56,Debit,Bill Payment,0
91,296769,2024-03-31,1620.99,Debit,Bill Payment,0
92,661353,2024-04-01,957.12,Debit,ATM Withdrawal,0
93,323165,2024-04-02,545.15,Debit,POS Purchase,0
94,723587,2024-04-03,1319.31,Credit,Bill Payment,0
95,635822,2024-04-04,1107.93,Credit,ATM Withdrawal,0
96,587879,2024-04-05,1854.5,Debit,Bill Payment,0
97,664685,2024-04-06,1493.75,Credit,ATM Withdrawal,0
98,882038,2024-04-07,1382.1,Debit,ATM Withdrawal,0
99,453531,2024-04-08,1006.48,Debit,POS Purchase,0
100,363160,2024-04-09,562.15,Credit,Bill Payment,0
101,679879,2024-04-10,901.02,Credit,POS Purchase,0
102,320884,2024-04-11,1238.41,Credit,ATM Withdrawal,0
103,123247,2024-04-12,135.21,Debit,Online Transfer,0
104,124300,2024-04-13,1620.86,Credit,Bill Payment,0
105,567281,2024-04-14,2033.52,Debit,Online Transfer,0
106,707086,2024-04-15,275.3,Credit,Bill Payment,1
107,633556,2024-04-16,299.89,Credit,POS Purchase,0
108,448951,2024-04-17,1114.83,Debit,POS Purchase,0
109,374329,2024-04-18,708.71,Debit,POS Purchase,0
110,819064,2024-04-19,1130.45,Debit,POS Purchase,0
111,842139,2024-04-20,964.16,Debit,POS Purchase,0
112,532315,2024-04-21,488.09,Debit,Online Transfer,0
113,616588,2024-04-22,1644.2,Debit,POS Purchase,0
114,336584,2024-04-23,1232.26,Debit,ATM Withdrawal,0
115,662332,2024-04-24,720.13,Debit,ATM Withdrawal,0
116,937646,2024-04-25,1752.51,Credit,Online Transfer,0
117,476896,2024-04-26,745.8,Debit,Bill Payment,0
118,148984,2024-04-27,379.08,Debit,ATM Withdrawal,0
119,402918,2024-04-28,1091.76,Credit,Bill Payment,0
120,364712,2024-04-29,1176.58,Debit,Online Transfer,0
121,220151,2024-04-30,1265.96,Credit,Bill Payment,0
122,555808,2024-05-01,1348.18,Credit,Bill Payment,0
123,233767,2024-05-02,1258.06,Debit,Bill Payment,0
124,748663,2024-05-03,1237.75,Credit,Bill Payment,0
125,803550,2024-05-04,713.12,Debit,Online Transfer,0
126,236330,2024-05-05,659.63,Credit,ATM Withdrawal,0
127,580754,2024-05-06,1371.18,Credit,POS Purchase,0
128,401648,2024-05-07,1121.73,Credit,Bill Payment,0
129,788519,2024-05-08,1410.12,Debit,ATM Withdrawal,0
130,113986,2024-05-09,1463.6000000000001,Debit,ATM Withdrawal,1
131,686146,2024-05-10,749.61,Credit,Online Transfer,0
132,229312,2024-05-11,1953.51,Credit,ATM Withdrawal,0
133,112666,2024-05-12,1276.27,Debit,Online Transfer,0
134,400804,2024-05-13,1147.78,Debit,Bill Payment,0
135,234633,2024-05-14,1353.96,Credit,Bill Payment,0
136,388998,2024-05-15,2104.23,Credit,POS Purchase,0
137,950937,2024-05-16,1999.02,Debit,POS Purchase,0
138,728776,2024-05-17,210.24,Debit,POS Purchase,0
139,807611,2024-05-18,394.75,Debit,ATM Withdrawal,0
140,384806,2024-05-19,193.29,Debit,Bill Payment,0
141,894824,2024-05-20,626.45,Debit,Online Transfer,0
142,130535,2024-05-21,1027.46,Credit,POS Purchase,0
143,475713,2024-05-22,1121.01,Debit,Online Transfer,0
144,938688,2024-05-23,234.76,Credit,Online Transfer,0
145,451279,2024-05-24,66.32,Debit,POS Purchase,0
146,921654,2024-05-25,617.6,Credit,Bill Payment,0
147,701661,2024-05-26,1458.09,Debit,POS Purchase,0
148,747972,2024-05-27,1545.18,Debit,Online Transfer,0
149,589570,2024-05-28,1852.91,Credit,POS Purchase,0
150,556551,2024-05-29,983.83,Credit,Online Transfer,0
151,373109,2024-05-30,1414.08,Debit,Online Transfer,0
152,124538,2024-05-31,1504.95,Debit,POS Purchase,0
153,994498,2024-06-01,751.57,Debit,ATM Withdrawal,0
154,301664,2024-06-02,1193.92,Debit,POS Purchase,0
155,591234,2024-06-03,1329.35,Debit,ATM Withdrawal,0
156,999684,2024-06-04,545.42,Credit,Online Transfer,0
157,239182,2024-06-05,1821.05,Credit,Online Transfer,0
158,572525,2024-06-06,980.59,Debit,ATM Withdrawal,0
159,258338,2024-06-07,1043.52,Credit,Online Transfer,0
160,284064,2024-06-08,526.33,Credit,ATM Withdrawal,0
161,314020,2024-06-09,610.29,Credit,ATM Withdrawal,0
162,723094,2024-06-10,-98.26,Debit,Online Transfer,0
163,997421,2024-06-11,1027.58,Credit,Bill Payment,0
164,715270,2024-06-12,2252.84,Debit,ATM Withdrawal,0
165,745914,2024-06-13,490.69,Credit,POS Purchase,0
166,219176,2024-06-14,2488.1,Debit,POS Purchase,0
167,318126,2024-06-15,1707.13,Credit,Online Transfer,0
168,318969,2024-06-16,763.21,Debit,Bill Payment,0
169,222409,2024-06-17,1013.63,Debit,Online Transfer,0
170,647707,2024-06-18,932.45,Credit,Bill Payment,0
171,353618,2024-06-19,1853.08,Debit,ATM Withdrawal,0
172,869598,2024-06-20,125.851,Debit,ATM Withdrawal,1
173,150015,2024-06-21,1590.99,Debit,ATM Withdrawal,0
174,872838,2024-06-22,1179.09,Debit,ATM Withdrawal,0
175,222096,2024-06-23,944.01,Debit,POS Purchase,0
176,731347,2024-06-24,1163.21,Debit,POS Purchase,0
177,285340,2024-06-25,796.53,Debit,Online Transfer,0
178,210687,2024-06-26,273.9,Debit,Bill Payment,0
179,974371,2024-06-27,1406.84,Credit,ATM Withdrawal,0
180,511357,2024-06-28,249.42,Credit,ATM Withdrawal,0
181,835716,2024-06-29,865.58,Debit,Bill Payment,0
182,205878,2024-06-30,780.07,Debit,Bill Payment,0
183,827270,2024-07-01,1321.68,Credit,Online Transfer,0
184,298286,2024-07-02,178.235,Credit,Bill Payment,1
185,873290,2024-07-03,1602.49,Credit,ATM Withdrawal,0
186,874684,2024-07-04,133.621,Debit,ATM Withdrawal,1
187,264899,2024-07-05,685.06,Credit,ATM Withdrawal,0
188,424767,2024-07-06,908.27,Debit,ATM Withdrawal,0
189,961882,2024-07-07,835.36,Debit,ATM Withdrawal,0
190,979858,2024-07-08,764.86,Credit,Online Transfer,0
191,479989,2024-07-09,798.77,Debit,ATM Withdrawal,0
192,515515,2024-07-10,785.43,Debit,Online Transfer,0
193,143585,2024-07-11,763.29,Debit,ATM Withdrawal,0
194,471369,2024-07-12,1475.94,Debit,POS Purchase,0
195,164044,2024-07-13,472.68,Credit,POS Purchase,0
196,542296,2024-07-14,635.26,Credit,POS Purchase,0
197,209556,2024-07-15,208.3,Debit,POS Purchase,0
198,626981,2024-07-16,1707.74,Debit,Online Transfer,0
199,981691,2024-07-17,601.75,Credit,Online Transfer,0
200,867595,2024-07-18,1330.39,Debit,Bill Payment,0
201,300235,2024-07-19,1237.66,Credit,ATM Withdrawal,0
202,125939,2024-07-20,1659.42,Debit,POS Purchase,0
203,252906,2024-07-21,894.99,Debit,Online Transfer,0
204,642335,2024-07-22,526.23,Credit,ATM Withdrawal,0
205,388249,2024-07-23,222.13,Credit,ATM Withdrawal,0
206,175766,2024-07-24,-392.32,Credit,Online Transfer,0
207,508923,2024-07-25,1080.68,Credit,POS Purchase,0
208,515192,2024-07-26,1387.74,Debit,Bill Payment,0
209,668550,2024-07-27,1235.84,Credit,ATM Withdrawal,0
210,487261,2024-07-28,235.12,Debit,Bill Payment,0
211,910208,2024-07-29,1519.41,Credit,POS Purchase,0
212,785440,2024-07-30,650.89,Credit,POS Purchase,0
213,752664,2024-07-31,546.55,Debit,Bill Payment,0
214,554589,2024-08-01,639.68,Credit,POS Purchase,0
215,237848,2024-08-02,1039.2,Credit,ATM Withdrawal,0
216,717075,2024-08-03,257.65,Credit,Bill Payment,0
217,227948,2024-08-04,981.48,Credit,POS Purchase,0
218,679304,2024-08-05,1214.72,Debit,Bill Payment,0
219,502690,2024-08-06,1553.66,Debit,ATM Withdrawal,0
220,599046,2024-08-07,1087.98,Credit,POS Purchase,0
221,551269,2024-08-08,330.19,Credit,ATM Withdrawal,0
222,121959,2024-08-09,1074.45,Credit,POS Purchase,0
223,760890,2024-08-10,469.87,Debit,Online Transfer,0
224,850216,2024-08-11,441.03,Debit,POS Purchase,0
225,890180,2024-08-12,318.65,Debit,Bill Payment,0
226,328576,2024-08-13,4.437,Debit,POS Purchase,1
227,637833,2024-08-14,716.42,Credit,ATM Withdrawal,0
228,265838,2024-08-15,1564.44,Credit,ATM Withdrawal,0
229,435674,2024-08-16,2128.24,Credit,POS Purchase,0
230,979989,2024-08-17,713.21,Debit,Bill Payment,0
231,161087,2024-08-18,1543.05,Credit,Online Transfer,0
232,693128,2024-08-19,802.71,Debit,Bill Payment,0
233,218451,2024-08-20,174.63,Debit,Online Transfer,0
234,547600,2024-08-21,1350.47,Credit,ATM Withdrawal,0
235,937437,2024-08-22,1117.41,Credit,Bill Payment,0
236,539792,2024-08-23,190.901,Credit,Online Transfer,1
237,139353,2024-08-24,232.66,Debit,POS Purchase,0
238,293075,2024-08-25,239.80200000000002,Debit,ATM Withdrawal,1
239,314283,2024-08-26,1795.86,Credit,POS Purchase,0
240,414877,2024-08-27,991.04,Credit,ATM Withdrawal,0
241,165318,2024-08-28,850.68,Debit,Bill Payment,0
242,865313,2024-08-29,642.1,Credit,Bill Payment,0
243,582690,2024-08-30,1054.87,Debit,ATM Withdrawal,0
244,516880,2024-08-31,908.03,Debit,ATM Withdrawal,0
245,691460,2024-09-01,1256.9,Credit,ATM Withdrawal,0
246,840976,2024-09-02,852.82,Credit,Bill Payment,0
247,881239,2024-09-03,1707.48,Credit,Online Transfer,0
248,193264,2024-09-04,1062.52,Credit,POS Purchase,0
249,870746,2024-09-05,871.59,Debit,POS Purchase,0
250,913168,2024-09-06,1512.14,Debit,Bill Payment,0
251,325281,2024-09-07,188.74,Debit,POS Purchase,0
252,737147,2024-09-08,1170.49,Credit,ATM Withdrawal,0
253,998613,2024-09-09,1012.79,Debit,Online Transfer,0
254,494070,2024-09-10,294.57,Credit,POS Purchase,0
255,452228,2024-09-11,145.75,Credit,Online Transfer,0
256,531839,2024-09-12,1505.17,Credit,ATM Withdrawal,0
257,369536,2024-09-13,148.14000000000001,Credit,POS Purchase,1
258,417824,2024-09-14,1086.28,Credit,Bill Payment,0
259,357426,2024-09-15,1858.33,Credit,Online Transfer,0
260,277789,2024-09-16,1220.48,Debit,ATM Withdrawal,0
261,613153,2024-09-17,1624.9,Credit,Online Transfer,0
262,842452,2024-09-18,1210.16,Debit,POS Purchase,0
263,937291,2024-09-19,862.1,Debit,POS Purchase,0
264,225657,2024-09-20,471.23,Credit,Bill Payment,0
265,335167,2024-09-21,698.28,Credit,ATM Withdrawal,0
266,781669,2024-09-22,871.44,Credit,ATM Withdrawal,0
267,580671,2024-09-23,1681.58,Debit,Bill Payment,0
268,819094,2024-09-24,1384.96,Credit,Bill Payment,0
269,170467,2024-09-25,1165.16,Debit,ATM Withdrawal,0
270,283734,2024-09-26,1435.0,Credit,Online Transfer,0
271,722794,2024-09-27,1263.69,Credit,Online Transfer,0
272,209751,2024-09-28,1130.97,Debit,Bill Payment,0
273,481050,2024-09-29,250.67,Debit,Online Transfer,0
274,911774,2024-09-30,1569.58,Credit,ATM Withdrawal,0
275,792517,2024-10-01,770.74,Debit,POS Purchase,0
276,561079,2024-10-02,1544.27,Debit,POS Purchase,0
277,468452,2024-10-03,1592.61,Debit,Online Transfer,0
278,206081,2024-10-04,664.98,Debit,Bill Payment,0
279,713333,2024-10-05,1474.86,Debit,Bill Payment,0
280,658986,2024-10-06,819.51,Credit,Bill Payment,0
281,210078,2024-10-07,822.48,Credit,Bill Payment,0
282,967055,2024-10-08,1128.74,Debit,Bill Payment,0
283,122671,2024-10-09,1142.24,Credit,Online Transfer,0
284,518400,2024-10-10,1019.28,Credit,POS Purchase,0
285,455528,2024-10-11,332.86,Debit,POS Purchase,0
286,710490,2024-10-12,939.28,Credit,Online Transfer,0
287,151663,2024-10-13,2139.24,Debit,Bill Payment,0
288,115708,2024-10-14,-392.0,Debit,Online Transfer,0
289,978338,2024-10-15,1434.87,Credit,POS Purchase,0
290,411955,2024-10-16,1528.56,Debit,ATM Withdrawal,0
291,233883,2024-10-17,320.83,Debit,Online Transfer,0
292,418394,2024-10-18,765.28,Debit,Bill Payment,0
293,212547,2024-10-19,499.64,Debit,POS Purchase,0
294,659042,2024-10-20,1926.98,Debit,POS Purchase,0
295,851102,2024-10-21,1551.51,Credit,POS Purchase,0
296,862002,2024-10-22,1575.71,Credit,POS Purchase,0
297,242483,2024-10-23,10603.199999999999,Debit,Bill Payment,1
298,758271,2024-10-24,1656.05,Debit,ATM Withdrawal,0
299,314835,2024-10-25,995.88,Credit,POS Purchase,0
300,501896,2024-10-26,1679.58,Debit,Online Transfer,0
301,184896,2024-10-27,925.65,Credit,ATM Withdrawal,0
302,577095,2024-10-28,660.38,Debit,POS Purchase,0
303,171295,2024-10-29,1905.48,Debit,ATM Withdrawal,0
304,843974,2024-10-30,989.58,Debit,Online Transfer,0
305,987121,2024-10-31,550.6,Debit,POS Purchase,0
306,373255,2024-11-01,545.18,Debit,Online Transfer,0
307,399648,2024-11-02,546.71,Debit,Bill Payment,0
308,757162,2024-11-03,1422.22,Debit,POS Purchase,0
309,108155,2024-11-04,950.57,Credit,POS Purchase,0
310,566872,2024-11-05,2148.98,Credit,POS Purchase,0
311,925816,2024-11-06,1593.09,Credit,POS Purchase,0
312,474705,2024-11-07,1128.57,Debit,Bill Payment,0
313,671542,2024-11-08,1701.95,Debit,POS Purchase,0
314,908350,2024-11-09,752.25,Debit,ATM Withdrawal,0
315,710269,2024-11-10,72.61,Debit,POS Purchase,0
316,654594,2024-11-11,505.21,Debit,Bill Payment,0
317,247718,2024-11-12,1073.6,Debit,POS Purchase,0
318,408987,2024-11-13,888.73,Debit,ATM Withdrawal,0
319,745263,2024-11-14,1412.21,Credit,Bill Payment,0
320,458745,2024-11-15,937.69,Debit,Bill Payment,0
321,207512,2024-11-16,1374.02,Credit,ATM Withdrawal,0
322,247443,2024-11-17,1750.49,Credit,ATM Withdrawal,0
323,570587,2024-11-18,936.15,Debit,ATM Withdrawal,0
324,473616,2024-11-19,1277.57,Debit,ATM Withdrawal,0
325,757409,2024-11-20,122.61,Credit,ATM Withdrawal,0
326,786976,2024-11-21,938.05,Credit,Bill Payment,0
327,465871,2024-11-22,384.02,Debit,Bill Payment,0
328,475037,2024-11-23,1072.61,Debit,POS Purchase,0
329,907364,2024-11-24,1118.0,Credit,POS Purchase,0
330,217796,2024-11-25,1116.34,Debit,Online Transfer,0
331,391999,2024-11-26,759.94,Debit,POS Purchase,0
332,292506,2024-11-27,2149.23,Debit,POS Purchase,0
333,798376,2024-11-28,365.99,Credit,ATM Withdrawal,0
334,369544,2024-11-29,335.43,Credit,ATM Withdrawal,0
335,480002,2024-11-30,1827.49,Credit,POS Purchase,0
336,798002,2024-12-01,647.86,Debit,Online Transfer,0
337,639439,2024-12-02,527.65,Debit,ATM Withdrawal,0
338,690978,2024-12-03,2151.46,Credit,POS Purchase,0
339,628787,2024-12-04,1492.86,Credit,POS Purchase,0
340,630583,2024-12-05,702.77,Credit,Bill Payment,0
341,488215,2024-12-06,1108.75,Debit,Online Transfer,0
342,421184,2024-12-07,1972.94,Credit,Bill Payment,0
343,898615,2024-12-08,1345.81,Credit,Online Transfer,0
344,522515,2024-12-09,1643.07,Debit,ATM Withdrawal,0
345,768234,2024-12-10,1402.4,Debit,Online Transfer,0
346,478480,2024-12-11,1465.13,Debit,POS Purchase,0
347,132711,2024-12-12,1019.87,Credit,POS Purchase,0
348,891971,2024-12-13,1005.67,Debit,Online Transfer,0
349,601157,2024-12-14,11335.3,Debit,Online Transfer,1
350,284423,2024-12-15,13672.3,Credit,Online Transfer,1
351,616349,2024-12-16,858.34,Debit,Bill Payment,0
352,803714,2024-12-17,1061.03,Credit,Online Transfer,0
353,757917,2024-12-18,844.83,Credit,ATM Withdrawal,0
354,924792,2024-12-19,1057.84,Debit,Bill Payment,0
355,837378,2024-12-20,374.5,Debit,Bill Payment,0
356,233272,2024-12-21,230.29899999999998,Debit,Online Transfer,1
357,867836,2024-12-22,633.53,Debit,ATM Withdrawal,0
358,802335,2024-12-23,819.27,Debit,Bill Payment,0
359,907789,2024-12-24,590.37,Debit,POS Purchase,0
360,743409,2024-12-25,1307.85,Credit,Bill Payment,0
361,177505,2024-12-26,902.0,Credit,Online Transfer,0
362,102869,2024-12-27,518.1,Debit,ATM Withdrawal,0
363,881474,2024-12-28,1328.44,Credit,Online Transfer,0
364,554351,2024-12-29,1395.82,Debit,POS Purchase,0
365,412252,2024-12-30,966.56,Credit,POS Purchase,0
366,736584,2024-12-31,668.19,Credit,POS Purchase,0
367,718467,2025-01-01,2095.53,Credit,Online Transfer,0
368,190272,2025-01-02,1170.03,Debit,Bill Payment,0
369,138467,2025-01-03,362.97,Credit,Online Transfer,0
370,909760,2025-01-04,1707.02,Debit,ATM Withdrawal,0
371,977844,2025-01-05,572.11,Credit,Bill Payment,0
372,580047,2025-01-06,2370.94,Credit,POS Purchase,0
373,759347,2025-01-07,1039.83,Credit,Online Transfer,0
374,158871,2025-01-08,1506.66,Credit,POS Purchase,0
375,228391,2025-01-09,-40.01,Credit,POS Purchase,0
376,539430,2025-01-10,357.93,Debit,ATM Withdrawal,0
377,710704,2025-01-11,1666.93,Debit,Bill Payment,0
378,956703,2025-01-12,1158.91,Credit,ATM Withdrawal,0
379,930496,2025-01-13,2021.2,Credit,ATM Withdrawal,0
380,356687,2025-01-14,1242.59,Credit,ATM Withdrawal,0
381,825451,2025-01-15,1072.65,Credit,POS Purchase,0
382,207450,2025-01-16,1856.79,Debit,ATM Withdrawal,0
383,271890,2025-01-17,1505.07,Credit,ATM Withdrawal,0
384,538741,2025-01-18,901.87,Debit,Bill Payment,0
385,381974,2025-01-19,452.95,Credit,Bill Payment,0
386,500109,2025-01-20,-185.81,Debit,ATM Withdrawal,0
387,216381,2025-01-21,781.17,Credit,Bill Payment,0
388,573125,2025-01-22,406.83,Credit,Bill Payment,0
389,671621,2025-01-23,2298.85,Debit,ATM Withdrawal,0
390,234508,2025-01-24,674.81,Credit,POS Purchase,0
391,829650,2025-01-25,661.15,Credit,ATM Withdrawal,0
392,962645,2025-01-26,239.38,Credit,Bill Payment,0
393,499111,2025-01-27,866.84,Debit,POS Purchase,0
394,250810,2025-01-28,667.73,Credit,Online Transfer,0
395,392890,2025-01-29,1868.86,Credit,POS Purchase,0
396,673665,2025-01-30,1084.24,Debit,Bill Payment,0
397,940477,2025-01-31,995.57,Debit,POS Purchase,0
398,460032,2025-02-01,932.66,Debit,ATM Withdrawal,0
399,469599,2025-02-02,1393.09,Credit,Online Transfer,0
400,760960,2025-02-03,773.84,Credit,Online Transfer,0
401,850020,2025-02-04,1333.6,Credit,Online Transfer,0
402,979611,2025-02-05,1806.98,Debit,Bill Payment,0
403,271836,2025-02-06,1230.04,Credit,Bill Payment,0
404,829903,2025-02-07,875.13,Credit,Online Transfer,0
405,145714,2025-02-08,523.27,Debit,POS Purchase,0
406,727234,2025-02-09,862.44,Debit,Online Transfer,0
407,996048,2025-02-10,1281.54,Debit,POS Purchase,0
408,730271,2025-02-11,2337.4,Debit,POS Purchase,1
409,566960,2025-02-12,1415.77,Debit,Bill Payment,0
410,811851,2025-02-13,1103.81,Credit,POS Purchase,0
411,224123,2025-02-14,925.41,Debit,Online Transfer,0
412,405628,2025-02-15,670.29,Credit,Bill Payment,0
413,182989,2025-02-16,761.81,Credit,ATM Withdrawal,0
414,398356,2025-02-17,1298.65,Debit,ATM Withdrawal,0
415,929957,2025-02-18,935.89,Debit,Bill Payment,0
416,278274,2025-02-19,749.43,Debit,Online Transfer,0
417,787995,2025-02-20,1234.28,Credit,ATM Withdrawal,0
418,425352,2025-02-21,1254.09,Debit,ATM Withdrawal,0
419,920260,2025-02-22,375.41,Debit,POS Purchase,0
420,511927,2025-02-23,1285.74,Debit,POS Purchase,0
421,889852,2025-02-24,2250.85,Debit,Online Transfer,0
422,983184,2025-02-25,1234.81,Debit,Bill Payment,0
423,231373,2025-02-26,150.5,Credit,Online Transfer,0
424,538452,2025-02-27,1088.69,Credit,Bill Payment,0
425,215294,2025-02-28,84.59,Credit,ATM Withdrawal,0
426,559451,2025-03-01,2583.69,Debit,POS Purchase,0
427,748307,2025-03-02,2117.84,Debit,Online Transfer,0
428,165726,2025-03-03,667.03,Debit,Online Transfer,0
429,241564,2025-03-04,-12.283000000000001,Credit,Bill Payment,1
430,477812,2025-03-05,560.81,Debit,Bill Payment,0
431,368246,2025-03-06,90.95,Debit,Online Transfer,1
432,805696,2025-03-07,119.07,Debit,Bill Payment,0
433,218015,2025-03-08,965.49,Credit,Online Transfer,0
434,840674,2025-03-09,906.21,Debit,Online Transfer,0
435,354079,2025-03-10,106.258,Credit,Online Transfer,1
436,650929,2025-03-11,1114.82,Debit,ATM Withdrawal,0
437,789944,2025-03-12,517.19,Credit,Bill Payment,0
438,788105,2025-03-13,573.29,Credit,POS Purchase,0
439,613758,2025-03-14,1022.8,Credit,POS Purchase,0
440,465890,2025-03-15,684.5,Debit,Bill Payment,0
441,545101,2025-03-16,1453.75,Debit,Online Transfer,0
442,136631,2025-03-17,1017.95,Credit,POS Purchase,0
443,866577,2025-03-18,1932.5,Credit,POS Purchase,0
444,172991,2025-03-19,1410.24,Debit,Bill Payment,0
445,104014,2025-03-20,1551.86,Debit,POS Purchase,0
446,373237,2025-03-21,1066.28,Credit,Online Transfer,0
447,118070,2025-03-22,1078.68,Debit,Bill Payment,0
448,922209,2025-03-23,1865.66,Debit,Online Transfer,0
449,156958,2025-03-24,810.85,Debit,POS Purchase,0
450,182074,2025-03-25,1273.39,Debit,POS Purchase,0
451,635017,2025-03-26,866.88,Credit,Online Transfer,0
452,855073,2025-03-27,865.68,Debit,ATM Withdrawal,0
453,276089,2025-03-28,415.55,Debit,POS Purchase,0
454,297392,2025-03-29,628.74,Credit,ATM Withdrawal,0
455,258823,2025-03-30,535.87,Credit,POS Purchase,0
456,730152,2025-03-31,1297.18,Debit,ATM Withdrawal,0
457,493002,2025-04-01,1520.1,Debit,ATM Withdrawal,0
458,833429,2025-04-02,952.62,Debit,ATM Withdrawal,0
459,598863,2025-04-03,1114.81,Debit,Online Transfer,0
460,467654,2025-04-04,923.76,Credit,ATM Withdrawal,0
461,679036,2025-04-05,594.61,Credit,ATM Withdrawal,0
462,630089,2025-04-06,1431.13,Credit,ATM Withdrawal,0
463,250262,2025-04-07,1326.27,Debit,POS Purchase,0
464,542905,2025-04-08,53.73,Debit,ATM Withdrawal,0
465,335362,2025-04-09,858.45,Debit,POS Purchase,0
466,544209,2025-04-10,558.99,Debit,ATM Withdrawal,0
467,653880,2025-04-11,804.53,Credit,ATM Withdrawal,0
468,897079,2025-04-12,664.78,Credit,Online Transfer,0
469,764076,2025-04-13,976.79,Debit,POS Purchase,0
470,319963,2025-04-14,835.04,Credit,ATM Withdrawal,0
471,580761,2025-04-15,824.43,Debit,POS Purchase,0
472,348710,2025-04-16,1553.69,Debit,POS Purchase,0
473,320984,2025-04-17,1278.59,Credit,Bill Payment,0
474,997059,2025-04-18,648.05,Debit,Online Transfer,0
475,956748,2025-04-19,722.23,Debit,Online Transfer,0
476,882355,2025-04-20,1245.9,Credit,Online Transfer,0
477,364512,2025-04-21,1245.21,Debit,Bill Payment,0
478,701863,2025-04-22,698.11,Debit,Bill Payment,0
479,368799,2025-04-23,883.0,Credit,Online Transfer,0
480,337549,2025-04-24,1923.4,Debit,Bill Payment,0
481,694319,2025-04-25,706.73,Credit,Bill Payment,0
482,584299,2025-04-26,1955.4,Debit,Bill Payment,0
483,712210,2025-04-27,1551.83,Credit,Online Transfer,0
484,548982,2025-04-28,1862.71,Credit,Online Transfer,0
485,224046,2025-04-29,6854.6,Credit,Online Transfer,1
486,506619,2025-04-30,915.72,Debit,Bill Payment,0
487,132097,2025-05-01,775.42,Credit,Online Transfer,0
488,766326,2025-05-02,1563.38,Credit,Bill Payment,0
489,749150,2025-05-03,716.16,Credit,ATM Withdrawal,0
490,330229,2025-05-04,1365.61,Credit,Bill Payment,0
491,218834,2025-05-05,1339.15,Credit,POS Purchase,0
492,193848,2025-05-06,975.99,Debit,Online Transfer,0
493,152921,2025-05-07,1649.33,Debit,Online Transfer,0
494,805086,2025-05-08,1053.84,Debit,POS Purchase,0
495,750429,2025-05-09,1417.04,Debit,Bill Payment,0
496,805660,2025-05-10,752.65,Debit,ATM Withdrawal,0
497,384821,2025-05-11,638.28,Debit,POS Purchase,0
498,155609,2025-05-12,1365.57,Debit,POS Purchase,0
499,327897,2025-05-13,1215.42,Credit,Bill Payment,0
500,131024,2025-05-14,1121.65,Debit,Online Transfer,0
501,170313,2025-05-15,828.16,Credit,Bill Payment,0
502,489957,2025-05-16,1774.6,Credit,POS Purchase,0
503,284078,2025-05-17,441.71,Debit,POS Purchase,0
504,457429,2025-05-18,414.33,Credit,Online Transfer,0
505,561243,2025-05-19,1471.08,Credit,Online Transfer,0
506,213632,2025-05-20,143.005,Credit,Online Transfer,1
507,351451,2025-05-21,1176.88,Credit,Bill Payment,0
508,103051,2025-05-22,856.02,Debit,Online Transfer,0
509,804107,2025-05-23,1251.21,Debit,POS Purchase,0
510,476836,2025-05-24,1860.42,Debit,POS Purchase,0
511,711523,2025-05-25,2257.77,Debit,ATM Withdrawal,0
512,821772,2025-05-26,171.79,Debit,Bill Payment,0
513,289407,2025-05-27,790.54,Debit,ATM Withdrawal,0
514,549395,2025-05-28,759.11,Debit,POS Purchase,0
515,562894,2025-05-29,1813.26,Debit,ATM Withdrawal,0
516,311810,2025-05-30,-240.65,Debit,POS Purchase,0
517,827975,2025-05-31,1256.92,Debit,ATM Withdrawal,0
518,173523,2025-06-01,871.59,Credit,Online Transfer,0
519,860463,2025-06-02,1819.06,Debit,ATM Withdrawal,0
520,194476,2025-06-03,1750.52,Credit,Online Transfer,0
521,333841,2025-06-04,1182.75,Credit,Online Transfer,0
522,903451,2025-06-05,2101.3999999999996,Credit,Bill Payment,1
523,970045,2025-06-06,713.06,Credit,Online Transfer,0
524,322866,2025-06-07,767.8,Debit,Online Transfer,0
525,186672,2025-06-08,336.77,Credit,ATM Withdrawal,0
526,698135,2025-06-09,1577.29,Debit,POS Purchase,0
527,444894,2025-06-10,273.29,Debit,Bill Payment,0
528,834994,2025-06-11,1982.66,Credit,Online Transfer,0
529,128251,2025-06-12,1981.41,Debit,Bill Payment,0
530,727769,2025-06-13,807.47,Credit,ATM Withdrawal,0
531,474710,2025-06-14,1164.25,Credit,Online Transfer,0
532,650233,2025-06-15,963.86,Debit,ATM Withdrawal,0
533,977284,2025-06-16,1450.91,Debit,Bill Payment,0
534,132217,2025-06-17,163.734,Credit,ATM Withdrawal,1
535,108308,2025-06-18,1129.0,Debit,Bill Payment,0
536,368093,2025-06-19,1234.56,Debit,ATM Withdrawal,0
537,283062,2025-06-20,689.7,Debit,Bill Payment,0
538,494366,2025-06-21,1218.36,Credit,POS Purchase,0
539,844840,2025-06-22,1081.38,Credit,ATM Withdrawal,0
540,200235,2025-06-23,544.1,Debit,ATM Withdrawal,0
541,174740,2025-06-24,992.98,Debit,POS Purchase,0
542,478496,2025-06-25,808.41,Debit,POS Purchase,0
543,953049,2025-06-26,695.25,Debit,ATM Withdrawal,0
544,850201,2025-06-27,426.75,Debit,POS Purchase,0
545,903328,2025-06-28,1031.25,Credit,Online Transfer,0
546,277247,2025-06-29,609.76,Debit,Bill Payment,0
547,763165,2025-06-30,764.45,Credit,Bill Payment,0
548,629525,2025-07-01,1537.56,Debit,Bill Payment,0
549,120056,2025-07-02,1316.06,Credit,Online Transfer,0
550,276615,2025-07-03,510.62,Debit,POS Purchase,0
551,287628,2025-07-04,1175.95,Credit,POS Purchase,0
552,738836,2025-07-05,1066.39,Debit,ATM Withdrawal,0
553,473632,2025-07-06,1850.85,Credit,POS Purchase,0
554,234415,2025-07-07,1691.57,Credit,ATM Withdrawal,0
555,506716,2025-07-08,233.13,Credit,Online Transfer,0
556,546438,2025-07-09,1430.56,Credit,Bill Payment,0
557,653663,2025-07-10,16326.0,Credit,Bill Payment,1
558,765022,2025-07-11,1279.68,Credit,Bill Payment,0
559,641252,2025-07-12,832.29,Debit,POS Purchase,0
560,737717,2025-07-13,2206.7,Credit,ATM Withdrawal,0
561,352764,2025-07-14,1325.7,Debit,ATM Withdrawal,0
562,814998,2025-07-15,1988.27,Debit,Online Transfer,0
563,566882,2025-07-16,1675.74,Debit,POS Purchase,0
564,840427,2025-07-17,123.207,Debit,Online Transfer,1
565,612153,2025-07-18,710.15,Debit,ATM Withdrawal,0
566,167215,2025-07-19,987.95,Credit,ATM Withdrawal,0
567,955474,2025-07-20,889.04,Credit,Bill Payment,0
568,244356,2025-07-21,392.74,Credit,POS Purchase,0
569,303861,2025-07-22,1325.14,Debit,ATM Withdrawal,0
570,455612,2025-07-23,1783.68,Credit,Bill Payment,0
571,554605,2025-07-24,850.85,Credit,POS Purchase,0
572,109435,2025-07-25,2081.83,Credit,Online Transfer,0
573,547556,2025-07-26,2212.1,Credit,POS Purchase,1
574,799438,2025-07-27,1527.18,Credit,POS Purchase,0
575,965264,2025-07-28,1835.76,Debit,ATM Withdrawal,0
576,675581,2025-07-29,897.98,Credit,ATM Withdrawal,0
577,178781,2025-07-30,906.97,Debit,POS Purchase,0
578,291475,2025-07-31,152.138,Debit,ATM Withdrawal,1
579,260196,2025-08-01,1253.0,Debit,ATM Withdrawal,0
580,326507,2025-08-02,1.29,Debit,ATM Withdrawal,0
581,406063,2025-08-03,578.31,Debit,Bill Payment,0
582,864121,2025-08-04,993.23,Credit,Bill Payment,0
583,876665,2025-08-05,315.15,Credit,POS Purchase,0
584,790607,2025-08-06,762.91,Credit,ATM Withdrawal,0
585,221172,2025-08-07,327.66,Debit,Bill Payment,0
586,456902,2025-08-08,814.91,Credit,POS Purchase,0
587,584963,2025-08-09,831.69,Credit,ATM Withdrawal,0
588,555968,2025-08-10,1175.88,Debit,Online Transfer,0
589,418717,2025-08-11,954.12,Debit,ATM Withdrawal,0
590,159101,2025-08-12,1251.39,Debit,ATM Withdrawal,0
591,595972,2025-08-13,1191.77,Debit,Bill Payment,0
592,388790,2025-08-14,1515.67,Credit,POS Purchase,0
593,990617,2025-08-15,1436.89,Debit,POS Purchase,0
594,647337,2025-08-16,1384.06,Debit,Bill Payment,0
595,834965,2025-08-17,2552.43,Credit,ATM Withdrawal,0
596,460260,2025-08-18,1173.7,Credit,Online Transfer,0
597,983811,2025-08-19,2296.79,Debit,ATM Withdrawal,0
598,692673,2025-08-20,12061.099999999999,Credit,ATM Withdrawal,1
599,750419,2025-08-21,958.57,Debit,Online Transfer,0
600,533374,2025-08-22,81.342,Debit,Bill Payment,1
601,820777,2025-08-23,1754.86,Credit,POS Purchase,0
602,647577,2025-08-24,1820.25,Credit,Bill Payment,0
603,472370,2025-08-25,1299.89,Debit,Bill Payment,0
604,987225,2025-08-26,1566.77,Debit,ATM Withdrawal,0
605,371967,2025-08-27,361.39,Debit,POS Purchase,0
606,291232,2025-08-28,225.61,Credit,POS Purchase,0
607,404119,2025-08-29,1623.16,Debit,Bill Payment,0
608,109540,2025-08-30,936.59,Debit,Online Transfer,0
609,640652,2025-08-31,1374.65,Debit,Bill Payment,0
610,497827,2025-09-01,641.36,Debit,Online Transfer,0
611,651951,2025-09-02,1828.49,Debit,POS Purchase,0
612,151991,2025-09-03,229.79,Credit,Bill Payment,0
613,288751,2025-09-04,307.21,Debit,ATM Withdrawal,0
614,466326,2025-09-05,1722.16,Debit,Bill Payment,0
615,786337,2025-09-06,-304.92,Debit,POS Purchase,0
616,718992,2025-09-07,1189.28,Debit,ATM Withdrawal,0
617,149115,2025-09-08,946.34,Credit,ATM Withdrawal,0
618,453151,2025-09-09,632.02,Credit,Online Transfer,0
619,843583,2025-09-10,900.03,Credit,ATM Withdrawal,0
620,291962,2025-09-11,576.24,Debit,ATM Withdrawal,0
621,821747,2025-09-12,1771.13,Debit,Bill Payment,0
622,249143,2025-09-13,1902.25,Credit,POS Purchase,0
623,814635,2025-09-14,657.13,Credit,Online Transfer,0
624,636226,2025-09-15,1137.76,Credit,Bill Payment,0
625,453824,2025-09-16,337.46,Debit,ATM Withdrawal,0
626,104000,2025-09-17,1536.53,Debit,ATM Withdrawal,0
627,825948,2025-09-18,1523.5,Credit,Online Transfer,0
628,987474,2025-09-19,852.37,Credit,POS Purchase,0
629,455754,2025-09-20,1008.44,Credit,Online Transfer,0
630,351492,2025-09-21,953.12,Debit,Bill Payment,0
631,990123,2025-09-22,190.77,Debit,Online Transfer,0
632,599522,2025-09-23,1773.0,Debit,ATM Withdrawal,0
633,591072,2025-09-24,616.52,Credit,Bill Payment,0
634,138304,2025-09-25,619.93,Credit,ATM Withdrawal,0
635,604999,2025-09-26,924.79,Debit,POS Purchase,0
636,431593,2025-09-27,1497.77,Credit,ATM Withdrawal,0
637,707274,2025-09-28,704.35,Debit,ATM Withdrawal,0
638,251836,2025-09-29,23.91,Credit,Online Transfer,0
639,208940,2025-09-30,556.5,Credit,ATM Withdrawal,0
640,924926,2025-10-01,1212.07,Credit,Bill Payment,0
641,365517,2025-10-02,2094.88,Credit,Bill Payment,0
642,767521,2025-10-03,370.04,Debit,POS Purchase,0
643,721820,2025-10-04,351.75,Credit,Bill Payment,0
644,979090,2025-10-05,243.7,Debit,Online Transfer,0
645,485777,2025-10-06,181.64,Debit,POS Purchase,0
646,724674,2025-10-07,1602.85,Debit,Bill Payment,0
647,651638,2025-10-08,1747.34,Credit,Online Transfer,0
648,717296,2025-10-09,1088.88,Debit,Bill Payment,0
649,980729,2025-10-10,766.14,Debit,Bill Payment,0
650,649639,2025-10-11,1895.57,Debit,ATM Withdrawal,0
651,712956,2025-10-12,1086.95,Credit,Bill Payment,0
652,738873,2025-10-13,15447.2,Credit,Bill Payment,1
653,437497,2025-10-14,741.78,Debit,Online Transfer,0
654,307869,2025-10-15,1022.12,Credit,Online Transfer,0
655,165953,2025-10-16,38.133,Debit,ATM Withdrawal,1
656,943890,2025-10-17,1314.62,Debit,Bill Payment,0
657,600328,2025-10-18,1095.47,Credit,ATM Withdrawal,0
658,906790,2025-10-19,552.72,Debit,Bill Payment,0
659,103267,2025-10-20,559.45,Credit,POS Purchase,0
660,182745,2025-10-21,1807.98,Credit,POS Purchase,0
661,976020,2025-10-22,1985.83,Debit,ATM Withdrawal,0
662,924945,2025-10-23,893.43,Credit,ATM Withdrawal,0
663,257164,2025-10-24,1033.88,Credit,ATM Withdrawal,0
664,635626,2025-10-25,1200.06,Debit,Online Transfer,0
665,231484,2025-10-26,1074.02,Debit,Online Transfer,0
666,631831,2025-10-27,162.85,Credit,Online Transfer,0
667,992323,2025-10-28,1213.94,Credit,ATM Withdrawal,0
668,160692,2025-10-29,-43.94,Debit,Bill Payment,0
669,320156,2025-10-30,633.66,Credit,POS Purchase,0
670,323992,2025-10-31,1252.71,Credit,ATM Withdrawal,0
671,616771,2025-11-01,1300.0,Credit,Online Transfer,0
672,930857,2025-11-02,594.96,Credit,Online Transfer,0
673,663044,2025-11-03,770.78,Credit,ATM Withdrawal,0
674,643176,2025-11-04,703.08,Credit,ATM Withdrawal,0
675,791095,2025-11-05,948.58,Credit,Online Transfer,0
676,933727,2025-11-06,986.6,Debit,Bill Payment,0
677,214352,2025-11-07,1334.23,Debit,Online Transfer,0
678,969474,2025-11-08,741.55,Debit,Online Transfer,0
679,185999,2025-11-09,1186.7,Debit,ATM Withdrawal,0
680,117955,2025-11-10,1253.51,Debit,Bill Payment,0
681,924273,2025-11-11,1099.14,Credit,Online Transfer,0
682,170640,2025-11-12,870.2,Credit,Online Transfer,0
683,296582,2025-11-13,1090.32,Credit,POS Purchase,0
684,844086,2025-11-14,1375.87,Credit,ATM Withdrawal,0
685,500573,2025-11-15,1419.59,Debit,POS Purchase,0
686,525695,2025-11-16,1907.69,Credit,POS Purchase,0
687,161476,2025-11-17,504.99,Credit,Online Transfer,0
688,406955,2025-11-18,780.0,Debit,ATM Withdrawal,0
689,267280,2025-11-19,193.27,Credit,Bill Payment,0
690,775510,2025-11-20,1465.5,Credit,Online Transfer,0
691,695468,2025-11-21,832.75,Debit,Bill Payment,0
692,798646,2025-11-22,1103.1,Credit,Bill Payment,0
693,737144,2025-11-23,697.83,Credit,ATM Withdrawal,0
694,954882,2025-11-24,836.65,Credit,POS Purchase,0
695,514568,2025-11-25,1611.6,Credit,ATM Withdrawal,0
696,286141,2025-11-26,1347.12,Credit,Bill Payment,0
697,998320,2025-11-27,944.24,Debit,Online Transfer,0
698,734736,2025-11-28,1383.91,Debit,Bill Payment,0
699,638685,2025-11-29,1394.95,Debit,Online Transfer,0
700,278031,2025-11-30,804.29,Debit,Online Transfer,0
701,219180,2025-12-01,265.46,Debit,ATM Withdrawal,0
702,166234,2025-12-02,550.42,Debit,Bill Payment,0
703,664242,2025-12-03,3297.4,Credit,POS Purchase,1
704,278352,2025-12-04,1582.22,Debit,Bill Payment,0
705,179459,2025-12-05,1669.06,Debit,Bill Payment,0
706,509995,2025-12-06,1793.19,Credit,POS Purchase,0
707,295004,2025-12-07,-9.78,Credit,ATM Withdrawal,0
708,566152,2025-12-08,1535.7,Debit,Bill Payment,0
709,825256,2025-12-09,2106.1,Credit,Bill Payment,0
710,159163,2025-12-10,1555.99,Debit,Online Transfer,0
711,575853,2025-12-11,-75.61,Credit,Bill Payment,0
712,151934,2025-12-12,1884.15,Debit,POS Purchase,0
713,820255,2025-12-13,1020.84,Credit,Online Transfer,0
714,525523,2025-12-14,883.8,Credit,ATM Withdrawal,0
715,940530,2025-12-15,1225.55,Debit,Online Transfer,0
716,554137,2025-12-16,475.5,Debit,POS Purchase,0
717,105486,2025-12-17,1001.39,Debit,POS Purchase,0
718,239407,2025-12-18,1810.21,Debit,Online Transfer,0
719,973332,2025-12-19,1311.2,Debit,ATM Withdrawal,0
720,750308,2025-12-20,1029.2,Credit,Online Transfer,0
721,727083,2025-12-21,1044.8,Debit,ATM Withdrawal,0
722,320184,2025-12-22,409.3,Debit,Online Transfer,0
723,766490,2025-12-23,925.01,Credit,POS Purchase,0
724,449652,2025-12-24,182.85,Credit,Bill Payment,0
725,861315,2025-12-25,1511.22,Debit,Bill Payment,0
726,742612,2025-12-26,-92.86,Credit,ATM Withdrawal,0
727,422710,2025-12-27,1427.45,Credit,ATM Withdrawal,0
728,297775,2025-12-28,1489.71,Debit,ATM Withdrawal,0
729,389336,2025-12-29,1659.38,Credit,POS Purchase,0
730,887494,2025-12-30,1043.43,Credit,Online Transfer,0
731,708364,2025-12-31,1458.31,Debit,POS Purchase,0
732,189780,2026-01-01,920.13,Debit,Bill Payment,0
733,252617,2026-01-02,406.65,Credit,ATM Withdrawal,0
734,645977,2026-01-03,1765.37,Credit,Online Transfer,0
735,897606,2026-01-04,95.156,Debit,Bill Payment,1
736,450605,2026-01-05,295.24,Credit,Bill Payment,0
737,989465,2026-01-06,766.59,Credit,Bill Payment,0
738,633636,2026-01-07,786.34,Credit,POS Purchase,0
739,138102,2026-01-08,1230.85,Debit,ATM Withdrawal,0
740,174460,2026-01-09,2173.52,Credit,Bill Payment,0
741,464778,2026-01-10,1261.21,Credit,ATM Withdrawal,0
742,189930,2026-01-11,1103.42,Debit,POS Purchase,0
743,631089,2026-01-12,2227.89,Credit,Bill Payment,0
744,727438,2026-01-13,1489.45,Credit,POS Purchase,0
745,827627,2026-01-14,11271.199999999999,Debit,POS Purchase,1
746,279208,2026-01-15,760.29,Debit,ATM Withdrawal,0
747,254697,2026-01-16,1158.1,Debit,Bill Payment,0
748,313945,2026-01-17,966.8,Debit,POS Purchase,0
749,331915,2026-01-18,1045.72,Credit,Bill Payment,0
750,827952,2026-01-19,1657.2,Credit,ATM Withdrawal,0
751,308124,2026-01-20,729.84,Debit,POS Purchase,0
752,537477,2026-01-21,1256.77,Debit,ATM Withdrawal,0
753,625830,2026-01-22,1474.47,Credit,Bill Payment,0
754,383821,2026-01-23,668.94,Debit,Bill Payment,0
755,277804,2026-01-24,588.69,Credit,ATM Withdrawal,0
756,805703,2026-01-25,924.83,Debit,Online Transfer,0
757,139081,2026-01-26,769.19,Credit,POS Purchase,0
758,818216,2026-01-27,1576.17,Debit,Bill Payment,0
759,455249,2026-01-28,499.12,Debit,Bill Payment,0
760,319930,2026-01-29,1034.24,Credit,POS Purchase,0
761,905497,2026-01-30,2273.02,Debit,ATM Withdrawal,0
762,617313,2026-01-31,1206.53,Credit,ATM Withdrawal,0
763,314532,2026-02-01,1289.65,Credit,ATM Withdrawal,0
764,712380,2026-02-02,158.034,Credit,Online Transfer,1
765,619332,2026-02-03,768.53,Credit,Online Transfer,0
766,416837,2026-02-04,459.29,Credit,Bill Payment,0
767,389106,2026-02-05,1088.26,Debit,ATM Withdrawal,0
768,128295,2026-02-06,1132.7,Debit,POS Purchase,0
769,113807,2026-02-07,190.89,Credit,Bill Payment,0
770,535564,2026-02-08,1187.54,Debit,POS Purchase,0
771,257504,2026-02-09,1534.93,Credit,Bill Payment,0
772,338067,2026-02-10,543.53,Debit,Online Transfer,0
773,585008,2026-02-11,1217.78,Debit,Bill Payment,0
774,792440,2026-02-12,144.61300000000003,Debit,Online Transfer,1
775,494540,2026-02-13,1293.34,Debit,Bill Payment,0
776,977699,2026-02-14,1340.5,Credit,ATM Withdrawal,0
777,617923,2026-02-15,877.6,Credit,POS Purchase,0
778,266981,2026-02-16,436.25,Debit,ATM Withdrawal,0
779,844699,2026-02-17,776.43,Debit,Bill Payment,0
780,119870,2026-02-18,706.97,Credit,Bill Payment,0
781,303196,2026-02-19,959.87,Debit,Bill Payment,0
782,348683,2026-02-20,1546.64,Credit,Online Transfer,0
783,334677,2026-02-21,344.08,Credit,POS Purchase,0
784,126790,2026-02-22,1072.13,Credit,POS Purchase,0
785,743162,2026-02-23,468.3,Debit,Bill Payment,0
786,911721,2026-02-24,6299.8,Credit,Bill Payment,1
787,548345,2026-02-25,1279.37,Debit,Online Transfer,0
788,849074,2026-02-26,405.03,Credit,ATM Withdrawal,0
789,587462,2026-02-27,1367.12,Debit,ATM Withdrawal,0
790,639773,2026-02-28,323.92,Debit,POS Purchase,0
791,930914,2026-03-01,1333.49,Debit,Online Transfer,0
792,186188,2026-03-02,225.23,Credit,Bill Payment,0
793,629036,2026-03-03,691.09,Credit,POS Purchase,0
794,842129,2026-03-04,1948.25,Debit,Online Transfer,0
795,764795,2026-03-05,1854.27,Debit,ATM Withdrawal,0
796,890141,2026-03-06,793.74,Debit,Online Transfer,0
797,748249,2026-03-07,1194.98,Credit,ATM Withdrawal,0
798,130355,2026-03-08,1602.03,Credit,Online Transfer,0
799,811131,2026-03-09,1340.65,Credit,POS Purchase,0
800,551015,2026-03-10,863.27,Credit,ATM Withdrawal,0
801,506332,2026-03-11,625.68,Debit,POS Purchase,0
802,256542,2026-03-12,1434.05,Debit,POS Purchase,0
803,273416,2026-03-13,1565.35,Credit,ATM Withdrawal,0
804,405062,2026-03-14,1857.85,Credit,ATM Withdrawal,0
805,938656,2026-03-15,15.638,Debit,Bill Payment,1
806,663586,2026-03-16,373.44,Credit,Bill Payment,0
807,601708,2026-03-17,1580.96,Credit,Bill Payment,0
808,966651,2026-03-18,224.23,Credit,POS Purchase,0
809,161629,2026-03-19,1619.27,Credit,POS Purchase,0
810,428184,2026-03-20,892.53,Credit,Bill Payment,0
811,592734,2026-03-21,739.54,Credit,POS Purchase,0
812,855195,2026-03-22,1102.71,Debit,POS Purchase,0
813,390160,2026-03-23,327.32,Credit,ATM Withdrawal,0
814,648248,2026-03-24,1412.01,Credit,ATM Withdrawal,0
815,920023,2026-03-25,1844.82,Debit,POS Purchase,0
816,313920,2026-03-26,1435.29,Debit,Bill Payment,0
817,989765,2026-03-27,876.75,Debit,Online Transfer,0
818,342804,2026-03-28,230.98,Credit,Bill Payment,0
819,476965,2026-03-29,250.21,Debit,Online Transfer,0
820,560857,2026-03-30,335.18,Credit,Bill Payment,0
821,922827,2026-03-31,993.86,Credit,ATM Withdrawal,0
822,604492,2026-04-01,1056.7,Credit,POS Purchase,0
823,753983,2026-04-02,1434.22,Debit,POS Purchase,0
824,515916,2026-04-03,101.99,Debit,ATM Withdrawal,0
825,921052,2026-04-04,1655.61,Debit,Online Transfer,0
826,858574,2026-04-05,1347.2,Debit,Online Transfer,0
827,228148,2026-04-06,836.58,Debit,Online Transfer,0
828,906991,2026-04-07,405.12,Credit,ATM Withdrawal,0
829,586261,2026-04-08,1624.57,Credit,Online Transfer,0
830,455540,2026-04-09,849.95,Credit,ATM Withdrawal,0
831,292714,2026-04-10,989.99,Credit,Bill Payment,0
832,831899,2026-04-11,1191.81,Debit,Bill Payment,0
833,383876,2026-04-12,543.4,Debit,ATM Withdrawal,0
834,359747,2026-04-13,858.91,Credit,POS Purchase,0
835,715650,2026-04-14,1432.66,Debit,Bill Payment,0
836,523570,2026-04-15,1382.05,Debit,Online Transfer,0
837,375987,2026-04-16,1386.55,Credit,ATM Withdrawal,0
838,738353,2026-04-17,422.41,Credit,Online Transfer,0
839,958158,2026-04-18,881.71,Debit,Online Transfer,0
840,117640,2026-04-19,801.8,Debit,POS Purchase,0
841,152528,2026-04-20,121.259,Credit,Online Transfer,1
842,924845,2026-04-21,1167.83,Credit,POS Purchase,0
843,359214,2026-04-22,1077.71,Credit,Bill Payment,0
844,939070,2026-04-23,2232.87,Debit,ATM Withdrawal,0
845,601108,2026-04-24,854.6,Credit,Online Transfer,0
846,734421,2026-04-25,796.09,Credit,ATM Withdrawal,0
847,468501,2026-04-26,421.63,Debit,Online Transfer,0
848,824226,2026-04-27,231.08,Debit,ATM Withdrawal,0
849,250159,2026-04-28,389.84,Debit,Online Transfer,0
850,272502,2026-04-29,640.66,Debit,Online Transfer,0
851,255576,2026-04-30,1655.04,Debit,Online Transfer,0
852,965291,2026-05-01,1019.58,Credit,Online Transfer,0
853,986089,2026-05-02,1096.67,Credit,Online Transfer,0
854,111023,2026-05-03,951.86,Debit,Online Transfer,0
855,645735,2026-05-04,1182.65,Debit,Online Transfer,0
856,488043,2026-05-05,17010.4,Debit,Online Transfer,1
857,386103,2026-05-06,3.03,Debit,Online Transfer,0
858,166203,2026-05-07,1609.17,Debit,ATM Withdrawal,0
859,260775,2026-05-08,-257.52,Credit,POS Purchase,0
860,109337,2026-05-09,1014.1,Credit,Online Transfer,0
861,670715,2026-05-10,2095.95,Credit,POS Purchase,0
862,614723,2026-05-11,1340.33,Credit,Online Transfer,0
863,423673,2026-05-12,1186.53,Debit,Online Transfer,0
864,464167,2026-05-13,2000.97,Credit,ATM Withdrawal,0
865,446809,2026-05-14,648.47,Debit,Bill Payment,0
866,730075,2026-05-15,1216.98,Debit,Bill Payment,0
867,787281,2026-05-16,1289.06,Debit,ATM Withdrawal,0
868,395451,2026-05-17,738.8,Credit,POS Purchase,0
869,520571,2026-05-18,78.29400000000001,Debit,Bill Payment,1
870,227016,2026-05-19,728.11,Credit,ATM Withdrawal,0
871,891267,2026-05-20,1043.66,Credit,ATM Withdrawal,0
872,644447,2026-05-21,1273.35,Debit,Bill Payment,0
873,597562,2026-05-22,1061.62,Debit,POS Purchase,0
874,802965,2026-05-23,1354.73,Debit,ATM Withdrawal,0
875,483934,2026-05-24,154.3,Credit,Online Transfer,1
876,992048,2026-05-25,890.87,Debit,POS Purchase,0
877,965184,2026-05-26,488.29,Credit,POS Purchase,0
878,417428,2026-05-27,1150.86,Debit,Bill Payment,0
879,419187,2026-05-28,114.346,Debit,Bill Payment,1
880,790907,2026-05-29,942.19,Credit,Online Transfer,0
881,983439,2026-05-30,125.51400000000001,Credit,ATM Withdrawal,1
882,182844,2026-05-31,1498.91,Credit,Bill Payment,0
883,651820,2026-06-01,969.74,Credit,Bill Payment,0
884,265421,2026-06-02,474.15,Credit,POS Purchase,0
885,222402,2026-06-03,209.37,Credit,Bill Payment,0
886,218012,2026-06-04,1018.06,Debit,Bill Payment,0
887,538661,2026-06-05,1120.93,Debit,Bill Payment,0
888,498929,2026-06-06,515.24,Credit,Bill Payment,0
889,680466,2026-06-07,1362.88,Debit,POS Purchase,0
890,673695,2026-06-08,770.52,Credit,Online Transfer,0
891,563556,2026-06-09,171.78,Debit,Online Transfer,0
892,675278,2026-06-10,1628.22,Debit,ATM Withdrawal,0
893,229473,2026-06-11,15719.9,Credit,Bill Payment,1
894,578007,2026-06-12,-7.8,Credit,POS Purchase,0
895,944573,2026-06-13,718.7,Credit,ATM Withdrawal,0
896,517009,2026-06-14,699.21,Debit,ATM Withdrawal,0
897,418714,2026-06-15,1819.74,Credit,Online Transfer,0
898,326156,2026-06-16,950.35,Debit,POS Purchase,0
899,268964,2026-06-17,252.06,Credit,POS Purchase,0
900,625303,2026-06-18,1441.05,Debit,POS Purchase,0
901,161813,2026-06-19,384.61,Debit,Online Transfer,0
902,127712,2026-06-20,869.83,Credit,Online Transfer,0
903,724785,2026-06-21,615.12,Debit,Online Transfer,0
904,867214,2026-06-22,719.77,Debit,Online Transfer,0
905,212816,2026-06-23,1468.63,Credit,Online Transfer,0
906,228778,2026-06-24,1760.67,Debit,Bill Payment,0
907,686580,2026-06-25,362.82,Credit,Bill Payment,0
908,385977,2026-06-26,1313.04,Credit,POS Purchase,0
909,235230,2026-06-27,633.62,Credit,ATM Withdrawal,0
910,818040,2026-06-28,649.16,Credit,POS Purchase,0
911,906741,2026-06-29,1245.32,Debit,ATM Withdrawal,0
912,369114,2026-06-30,486.05,Debit,Online Transfer,0
913,434618,2026-07-01,1235.3,Debit,ATM Withdrawal,0
914,932972,2026-07-02,1365.06,Credit,POS Purchase,0
915,251456,2026-07-03,783.73,Debit,POS Purchase,0
916,904449,2026-07-04,1663.54,Debit,ATM Withdrawal,0
917,962312,2026-07-05,363.59,Credit,Bill Payment,0
918,205570,2026-07-06,1672.7,Credit,Online Transfer,0
919,370846,2026-07-07,28.01,Debit,Online Transfer,0
920,100404,2026-07-08,2349.86,Credit,POS Purchase,0
921,803286,2026-07-09,796.9,Credit,Bill Payment,0
922,374907,2026-07-10,418.85,Credit,ATM Withdrawal,0
923,773744,2026-07-11,883.66,Credit,Online Transfer,0
924,815460,2026-07-12,476.76,Debit,Bill Payment,0
925,984574,2026-07-13,1193.48,Credit,Online Transfer,0
926,765220,2026-07-14,1683.83,Credit,Bill Payment,0
927,335365,2026-07-15,50.327,Credit,Bill Payment,1
928,442786,2026-07-16,1289.7,Credit,POS Purchase,0
929,150612,2026-07-17,233.63,Credit,Online Transfer,0
930,910006,2026-07-18,1516.48,Credit,ATM Withdrawal,0
931,909956,2026-07-19,1208.12,Credit,POS Purchase,0
932,300244,2026-07-20,1538.09,Credit,POS Purchase,0
933,897348,2026-07-21,938.83,Debit,ATM Withdrawal,0
934,104809,2026-07-22,782.42,Credit,POS Purchase,0
935,263273,2026-07-23,1408.06,Debit,Bill Payment,0
936,808690,2026-07-24,345.98,Credit,Bill Payment,0
937,244528,2026-07-25,128.59,Credit,Online Transfer,0
938,606964,2026-07-26,997.52,Credit,Online Transfer,0
939,549613,2026-07-27,805.2,Credit,ATM Withdrawal,0
940,138765,2026-07-28,1276.92,Debit,Online Transfer,0
941,931538,2026-07-29,1545.78,Credit,Bill Payment,0
942,416076,2026-07-30,1266.51,Credit,ATM Withdrawal,0
943,943523,2026-07-31,1505.95,Debit,ATM Withdrawal,0
944,646237,2026-08-01,1160.53,Debit,Online Transfer,0
945,301152,2026-08-02,1247.3,Credit,Bill Payment,0
946,399888,2026-08-03,941.67,Debit,ATM Withdrawal,0
947,800903,2026-08-04,1232.52,Debit,Bill Payment,0
948,994751,2026-08-05,1083.33,Debit,Bill Payment,0
949,192193,2026-08-06,1162.59,Credit,Bill Payment,0
950,136187,2026-08-07,916.64,Credit,Online Transfer,0
951,605950,2026-08-08,1404.46,Credit,POS Purchase,0
952,238311,2026-08-09,644.77,Debit,POS Purchase,0
953,900921,2026-08-10,990.83,Credit,ATM Withdrawal,0
954,608153,2026-08-11,1655.89,Debit,Bill Payment,0
955,289089,2026-08-12,525.64,Credit,Online Transfer,0
956,686165,2026-08-13,-80.92,Credit,Bill Payment,0
957,536341,2026-08-14,1183.23,Debit,Bill Payment,0
958,412066,2026-08-15,871.52,Credit,Online Transfer,0
959,718362,2026-08-16,1505.43,Debit,POS Purchase,0
960,787409,2026-08-17,934.74,Debit,Bill Payment,0
961,661419,2026-08-18,697.83,Credit,Bill Payment,0
962,740053,2026-08-19,962.09,Debit,POS Purchase,0
963,960395,2026-08-20,1546.53,Credit,Online Transfer,0
964,731172,2026-08-21,1287.68,Credit,ATM Withdrawal,0
965,225917,2026-08-22,-216.95,Debit,POS Purchase,0
966,910717,2026-08-23,1092.88,Credit,ATM Withdrawal,0
967,399770,2026-08-24,1117.88,Debit,ATM Withdrawal,0
968,798168,2026-08-25,990.88,Credit,POS Purchase,0
969,581680,2026-08-26,694.56,Credit,Bill Payment,0
970,381342,2026-08-27,1597.27,Credit,ATM Withdrawal,0
971,639542,2026-08-28,1622.02,Credit,ATM Withdrawal,0
972,144238,2026-08-29,-101.58,Credit,Online Transfer,0
973,101252,2026-08-30,601.02,Debit,Bill Payment,0
974,926196,2026-08-31,927.63,Debit,ATM Withdrawal,0
975,964141,2026-09-01,1474.25,Debit,Online Transfer,0
976,585450,2026-09-02,1017.43,Debit,Bill Payment,0
977,415826,2026-09-03,658.2,Debit,POS Purchase,0
978,421638,2026-09-04,1354.77,Debit,POS Purchase,0
979,705605,2026-09-05,8943.300000000001,Credit,Online Transfer,1
980,427359,2026-09-06,941.3,Credit,POS Purchase,0
981,702875,2026-09-07,986.42,Debit,ATM Withdrawal,0
982,106949,2026-09-08,1287.15,Debit,Bill Payment,0
983,863185,2026-09-09,845.73,Credit,ATM Withdrawal,0
984,417537,2026-09-10,1343.47,Credit,ATM Withdrawal,0
985,828913,2026-09-11,963.47,Credit,POS Purchase,0
986,762301,2026-09-12,466.49,Debit,ATM Withdrawal,0
987,650222,2026-09-13,981.61,Debit,POS Purchase,0
988,880722,2026-09-14,492.39,Debit,Bill Payment,0
989,555102,2026-09-15,1020.49,Credit,Bill Payment,0
990,437889,2026-09-16,14147.4,Credit,ATM Withdrawal,1
991,576467,2026-09-17,463.19,Debit,Online Transfer,0
992,456600,2026-09-18,1182.14,Debit,POS Purchase,0
993,415557,2026-09-19,585.48,Credit,POS Purchase,0
994,983671,2026-09-20,1100.85,Credit,ATM Withdrawal,0
995,404462,2026-09-21,1430.1,Credit,POS Purchase,0
996,350875,2026-09-22,-64.76,Credit,POS Purchase,0
997,563389,2026-09-23,442.76,Debit,Online Transfer,0
998,170390,2026-09-24,815.51,Credit,Online Transfer,0
999,807689,2026-09-25,1157.52,Credit,ATM Withdrawal,0
1000,353490,2026-09-26,916.81,Credit,Online Transfer,0
